{
        "id": 5009,
        "color": {
                "r": 0.8531361818313599,
                "g": 0.05766473338007927,
                "b": 0.29098567366600037
        },
        "rotation": {
                "rotation_y": 132.0,
                "rotation_x": 137.0
        }
}